allocator,create_mean,query_mean,total_mean,create_stdev,query_stdev,total_stdev
sys,11247.612903225807,14526.677419354839,25774.290322580644,87.67161358134679,609.5611201018195,639.5266579561475
mem3_32,11296.90322580645,14817.258064516129,26114.16129032258,70.34266360169089,677.4194155145902,664.1136999427229
mem3_128,11150.387096774193,14989.387096774193,26139.774193548386,76.33595807104052,693.9954215708417,680.2548889780172
mem5_32,11228.677419354839,15616.258064516129,26844.935483870966,83.86790689203833,854.6635972803153,852.1737669233065
mem5_128,11237.935483870968,15546.967741935483,26784.90322580645,70.70310482756797,728.7588757090587,708.4598014867044
hoard,11288.032258064517,15220.838709677419,26508.870967741936,79.5589860296404,915.2137126294308,924.0144927411577
jemalloc,11012.41935483871,14604.838709677419,25617.25806451613,76.79530115553877,907.1593059940535,877.2743382295695
nedmalloc,11018.0,15174.806451612903,26192.8064516129,79.06326580656784,828.5079528628492,797.2192680124599
