allocator,create_mean,query_mean,total_mean,create_stdev,query_stdev,total_stdev
sys,13668705338.35484,105650568470.3871,119319273808.74193,61879280.37298048,5206598790.378499,5187206807.448927
mem3_32,13644527284.225807,104687332476.16129,118331859760.3871,96567714.96252201,6194722708.315719,6177671787.477964
mem3_128,13576392457.580645,107357575226.35484,120933967683.93549,114590639.4361081,5888299244.108186,5887366175.306897
mem5_32,13631707640.451612,107473771501.25807,121105479141.70967,80471312.45669913,4222309816.962899,4245134264.22732
mem5_128,13671140536.64516,106642066614.6129,120313207151.25807,69194359.4310667,4405520251.53868,4398337310.91088
hoard,13688423734.290323,105207190801.51613,118895614535.80646,161014580.48232597,3790721515.9371266,3846860399.90851
jemalloc,13411688260.096775,105476187409.32259,118887875669.41936,74955932.0831706,6177131432.42577,6160983439.777183
nedmalloc,13488485600.935484,107157693701.25807,120646179302.19354,92479103.59518702,7167079775.548284,7177504076.000983
