allocator,create_mean,query_mean,total_mean,create_stdev,query_stdev,total_stdev
sys,11390.58064516129,54719.58064516129,66110.16129032258,121.95129470231093,4364.204209812625,4377.729412201217
mem3_32,11052.838709677419,56599.12903225807,67651.96774193548,98.67593315974385,3674.66195036528,3670.061802239584
mem3_128,11115.709677419354,56714.58064516129,67830.29032258065,151.48997624670022,4406.489757726237,4403.772853615017
mem5_32,11474.129032258064,58192.709677419356,69666.83870967742,147.1042129320761,3659.3901786458755,3649.8351935101055
mem5_128,11186.612903225807,58075.77419354839,69262.3870967742,87.4862569852564,3728.9344028348314,3726.015366558216
hoard,11358.774193548386,56163.22580645161,67522.0,205.81993905311495,3274.7195677358127,3300.75730704334
jemalloc,11141.483870967742,56005.3870967742,67146.87096774194,100.5577349810353,4123.411441007065,4116.080755135363
nedmalloc,11088.032258064517,57652.83870967742,68740.87096774194,163.10742551479538,4682.193361355155,4695.281402585192
