allocator,create_mean,query_mean,total_mean,create_stdev,query_stdev,total_stdev
sys,10354514059.935484,107364999880.25807,117719513940.19354,55446642.44264158,4117524677.570135,4102250805.847843
mem3_32,10352294658.516129,110301211190.29033,120653505848.80646,70554286.94331558,4317601023.119835,4311142419.020802
mem3_128,10199877788.67742,109440928045.83871,119640805834.51613,73683827.2179953,4560144084.671993,4558339311.238318
mem5_32,10280913563.258064,114507543362.16129,124788456925.41936,56841845.66784687,4805443568.972005,4785072641.617133
mem5_128,10386760148.516129,114616497351.0,125003257499.51613,73318414.83505604,5825740910.021507,5827254844.587894
hoard,10379116061.0,113484748763.51613,123863864824.51613,63731253.99437913,4991465042.588875,4991818105.32308
jemalloc,10145043582.67742,107821288328.32259,117966331911.0,75967404.41891852,4587700266.138537,4601807391.636005
nedmalloc,10152698692.258064,110064309388.51613,120217008080.7742,48536598.446655035,5171694048.462819,5168251070.679976
