allocator,mean,standard_dev
default,1854.1333333333334,19.82676385524757
hoard,1838.5,22.263826402972487
jemalloc,1823.8,20.835758050988257
nedmalloc,1852.4,23.256273073907085
