allocator,mean,standard_dev
default,1865.4666666666667,27.82662221605062
hoard,1829.2666666666667,22.371945708906498
jemalloc,1832.75,21.042833636600065
