allocator,mean,standard_dev
default,1867.1,36.195186495219616
hoard,1833.8166666666666,16.66569771194681
jemalloc,1832.6833333333334,17.20611998597451
