allocator,mean,standard_dev
default,1859.45,22.98372674122398
hoard,1826.6666666666667,21.96890457809815
jemalloc,1828.95,17.724277136176806
