allocator,mean,standard_dev
default,1879.661111111111,40.8763175878241
hoard,1851.0055555555555,31.338928835930073
jemalloc,1857.65,36.343561593131504
nedmalloc,1887.4888888888888,39.423426788701676
