allocator,mean,standard_dev,mutator,
default,1865.466667,27.82662222,1779.841747,4.59
hoard,1829.266667,22.37194571,1753.3521,4.15
jemalloc,1832.75,21.04283364,1712.338325,6.57
