allocator,mean,standard_dev
default,1869.65,25.64280386054747
hoard,1843.9666666666667,23.608362972893463
jemalloc,1833.95,20.44954518577576
nedmalloc,1867.9,21.30226374538551
