allocator,mean,standard_dev
default,1870.55,46.616511587015744
hoard,1846.8833333333334,22.222367466568656
jemalloc,1863.5333333333333,15.897411223712467
nedmalloc,1873.4833333333333,24.05395888108873
