allocator,mean,standard_dev
default,1852.1666666666667,20.50892047888039
hoard,1825.8,18.45544336586116
jemalloc,1821.1166666666666,15.94066505074011
