allocator,mean,standard_dev
default,1854.8666666666666,18.726819946556184
hoard,1826.8666666666666,16.397050857887773
jemalloc,1816.7666666666667,19.320987681062046
