allocator,mean,standard_dev
default,1900.05,28.48872807126784
hoard,1842.4333333333334,22.505266175935745
jemalloc,1847.55,25.73688575052532
nedmalloc,1879.6,21.67103823782065
