allocator,mean,standard_dev
default,1864.5666666666666,27.39130547854938
hoard,1834.3833333333334,21.53600978626552
jemalloc,1838.1333333333334,21.51819621533324
nedmalloc,1875.05,34.324189720953356
