allocator,mean,standard_dev
default,101.16336253711157,2.2350343121343097
hoard,99.70674027715407,1.776992468114297
jemalloc,100.91225872720993,3.050168152158256
nedmalloc,101.07144488607135,1.5487708623727927
