allocator,mean,standard_dev
default,101.82716757910586,1.887184887866599
hoard,100.39329569680346,1.3791887834916654
jemalloc,98.84237371172226,1.3530347847269222
