allocator,mean,standard_dev
default,68.28810279709951,2.565431059033229
hoard,64.23375933510917,0.8513130622704658
jemalloc,63.980289493288346,0.7147986241770061
