allocator,mean,standard_dev
default,55.20528301170892,26.568071102951876
hoard,53.17810831751147,23.46805120669527
jemalloc,52.396469950675986,20.901175910402394
nedmalloc,53.53753066062924,21.65796143822269
