allocator,mean,standard_dev
default,102.03868613924303,1.4586734205298932
hoard,98.25772731644767,1.3605947112034595
jemalloc,98.23729603631156,1.768395029437263
