allocator,mean,standard_dev
default,66.60145006861009,0.6627061395066431
hoard,63.45473238400048,0.496218679567877
jemalloc,62.93506339618138,0.4320475942343271
nedmalloc,66.80993199348453,0.61356420518664
