allocator,mean,standard_dev,mutator,
default,101.2941629,3.334402833,85.63408528,0.15
hoard,99.78204526,2.581031038,95.04239811,0.05
jemalloc,98.55421604,2.201485168,95.30192691,0.03
