allocator,mean,standard_dev
default,35.63799604915437,8.663530054917787
hoard,33.64061681429545,8.162232639036581
jemalloc,33.901801035517735,8.306848691164454
nedmalloc,35.81417035488855,8.585954756385208
