allocator,mean,standard_dev
default,67.8658723490579,0.5561176190868626
hoard,64.23822089603968,0.5332963654761033
jemalloc,64.34484883717127,0.4669959459282631
nedmalloc,67.93404684747966,0.48047427423915845
