allocator,mean,standard_dev
default,68.05773445538108,2.3683937814451923
hoard,64.04177709988183,0.9495439498875408
jemalloc,64.05997187750675,0.6465806127754873
