allocator,mean,standard_dev
default,110.41056602341787,8.115600714519305
hoard,106.35621663502293,2.5672415633686674
jemalloc,104.79293990135201,1.832931911593248
nedmalloc,107.07506132125852,1.8727655915500891
