allocator,mean,standard_dev
default,67.48657192502704,2.418565929546122
hoard,63.57567010607035,0.8509800939938229
jemalloc,63.24545904568264,0.45188583504265356
nedmalloc,66.63494368961878,0.4166436203743684
