allocator,mean,standard_dev
default,101.29416285242364,3.3344028327812705
hoard,99.78204526220043,2.581031037512226
jemalloc,98.55421604428976,2.2014851684444166
